sector,fulltitle,yes,no,average_wage,jobtype,exp_ed
MGR,MGR-CHIEF EXECUTIVES AND LEGISLATORS,34454,1358324,137934.4,CHIEF EXECUTIVES AND LEGISLATORS,Bachelor Degree
MGR,MGR-GENERAL AND OPERATIONS MANAGERS,23739,991511,76547.7,GENERAL AND OPERATIONS MANAGERS,Some College
MGR,MGR-ADVERTISING AND PROMOTIONS MANAGERS,991,51245,64778.2,ADVERTISING AND PROMOTIONS MANAGERS,Bachelor Degree
MGR,MGR-MARKETING AND SALES MANAGERS,16068,1044114,86943.2,MARKETING AND SALES MANAGERS,Bachelor Degree
MGR,MGR-PUBLIC RELATIONS AND FUNDRAISING MANAGERS,1255,67595,72521.9,PUBLIC RELATIONS AND FUNDRAISING MANAGERS,Bachelor Degree
MGR,MGR-ADMINISTRATIVE SERVICES MANAGERS,5184,169460,59186.2,ADMINISTRATIVE SERVICES MANAGERS,Some College
MGR,MGR-COMPUTER AND INFORMATION SYSTEMS MANAGERS,10322,631517,99972.5,COMPUTER AND INFORMATION SYSTEMS MANAGERS,Bachelor Degree
MGR,MGR-FINANCIAL MANAGERS,24393,1306046,89112.2,FINANCIAL MANAGERS,Bachelor Degree
MGR,MGR-COMPENSATION AND BENEFITS MANAGERS,566,21434,73378.4,COMPENSATION AND BENEFITS MANAGERS,Bachelor Degree
MGR,MGR-HUMAN RESOURCES MANAGERS,13303,455179,70848.5,HUMAN RESOURCES MANAGERS,Bachelor Degree
MGR,MGR-TRAINING AND DEVELOPMENT MANAGERS,2680,75537,64949.6,TRAINING AND DEVELOPMENT MANAGERS,Bachelor Degree
MGR,MGR-INDUSTRIAL PRODUCTION MANAGERS,7849,268874,73507.3,INDUSTRIAL PRODUCTION MANAGERS,Some College
MGR,MGR-PURCHASING MANAGERS,7528,222833,70377.7,PURCHASING MANAGERS,Bachelor Degree
MGR,"MGR-TRANSPORTATION, STORAGE, AND DISTRIBUTION MANAGERS",8903,267342,51876.2,"TRANSPORTATION, STORAGE, AND DISTRIBUTION MANAGERS",Some College
MGR,"MGR-FARMERS, RANCHERS, AND OTHER AGRICULTURAL MANAGERS",28555,706967,19357.6,"FARMERS, RANCHERS, AND OTHER AGRICULTURAL MANAGERS",Some College
MGR,MGR-CONSTRUCTION MANAGERS,18764,673688,59381.7,CONSTRUCTION MANAGERS,Some College
MGR,MGR-EDUCATION ADMINISTRATORS,28844,1023080,59265.4,EDUCATION ADMINISTRATORS,Bachelor Degree
MGR,MGR-ARCHITECTURAL AND ENGINEERING MANAGERS,1755,171552,130742.3,ARCHITECTURAL AND ENGINEERING MANAGERS,Bachelor Degree
MGR,MGR-FOOD SERVICE MANAGERS,33647,1106865,34753,FOOD SERVICE MANAGERS,Some College
MGR,MGR-GAMING MANAGERS,491,21151,45986.2,GAMING MANAGERS,Some College
MGR,MGR-LODGING MANAGERS,6017,164563,41336.3,LODGING MANAGERS,Some College
MGR,MGR-MEDICAL AND HEALTH SERVICES MANAGERS,19997,726342,73305.9,MEDICAL AND HEALTH SERVICES MANAGERS,Bachelor Degree
MGR,MGR-NATURAL SCIENCES MANAGERS,203,23646,86778.4,NATURAL SCIENCES MANAGERS,Bachelor Degree
MGR,"MGR-PROPERTY, REAL ESTATE, AND COMMUNITY ASSOCIATION MANAGERS",28327,680836,49079,"PROPERTY, REAL ESTATE, AND COMMUNITY ASSOCIATION MANAGERS",Some College
MGR,MGR-SOCIAL AND COMMUNITY SERVICE MANAGERS,14014,410966,51221.4,SOCIAL AND COMMUNITY SERVICE MANAGERS,Bachelor Degree
MGR,MGR-EMERGENCY MANAGEMENT DIRECTORS,988,10470,55224.3,EMERGENCY MANAGEMENT DIRECTORS,Bachelor Degree
MGR,"MGR-MISCELLANEOUS MANAGERS, INCLUDING FUNERAL SERVICE MANAGERS AND POSTMASTERS AND MAIL SUPERINTENDENTS",134383,4818377,75380.3,"MISCELLANEOUS MANAGERS, INCLUDING FUNERAL SERVICE MANAGERS AND POSTMASTERS AND MAIL SUPERINTENDENTS",Bachelor Degree
BUS,"BUS-AGENTS AND BUSINESS MANAGERS OF ARTISTS, PERFORMERS, AND ATHLETES",741,49480,53023.6,"AGENTS AND BUSINESS MANAGERS OF ARTISTS, PERFORMERS, AND ATHLETES",Some College
BUS,"BUS-BUYERS AND PURCHASING AGENTS, FARM PRODUCTS",997,12677,38954.5,"BUYERS AND PURCHASING AGENTS, FARM PRODUCTS",Some College
BUS,"BUS-WHOLESALE AND RETAIL BUYERS, EXCEPT FARM PRODUCTS",6417,246212,32958.5,"WHOLESALE AND RETAIL BUYERS, EXCEPT FARM PRODUCTS",Some College
BUS,"BUS-PURCHASING AGENTS, EXCEPT WHOLESALE, RETAIL, AND FARM PRODUCTS",9494,312800,50216.8,"PURCHASING AGENTS, EXCEPT WHOLESALE, RETAIL, AND FARM PRODUCTS",Some College
BUS,"BUS-CLAIMS ADJUSTERS, APPRAISERS, EXAMINERS, AND INVESTIGATORS",9354,324946,48778.7,"CLAIMS ADJUSTERS, APPRAISERS, EXAMINERS, AND INVESTIGATORS",Some College
BUS,BUS-COMPLIANCE OFFICERS,8352,249064,65333.6,COMPLIANCE OFFICERS,Bachelor Degree
BUS,BUS-COST ESTIMATORS,5243,147766,55117.9,COST ESTIMATORS,Some College
BUS,BUS-HUMAN RESOURCES WORKERS,22561,856195,55374.5,HUMAN RESOURCES WORKERS,Bachelor Degree
BUS,"BUS-COMPENSATION, BENEFITS, AND JOB ANALYSIS SPECIALISTS",2263,64985,48994.7,"COMPENSATION, BENEFITS, AND JOB ANALYSIS SPECIALISTS",Bachelor Degree
BUS,BUS-TRAINING AND DEVELOPMENT SPECIALISTS,6594,177410,50473,TRAINING AND DEVELOPMENT SPECIALISTS,Bachelor Degree
BUS,BUS-LOGISTICIANS,6120,161937,49037.3,LOGISTICIANS,Some College
BUS,BUS-MANAGEMENT ANALYSTS,27561,957554,68271.6,MANAGEMENT ANALYSTS,Bachelor Degree
BUS,"BUS-MEETING, CONVENTION, AND EVENT PLANNERS",3286,161898,33410.2,"MEETING, CONVENTION, AND EVENT PLANNERS",Some College
BUS,BUS-FUNDRAISERS,2018,115854,46109.7,FUNDRAISERS,Bachelor Degree
BUS,BUS-MARKET RESEARCH ANALYSTS AND MARKETING SPECIALISTS,3682,335652,65364.7,MARKET RESEARCH ANALYSTS AND MARKETING SPECIALISTS,Bachelor Degree
BUS,"BUS-BUSINESS OPERATIONS SPECIALISTS, ALL OTHER",9796,331362,62108.6,"BUSINESS OPERATIONS SPECIALISTS, ALL OTHER",Bachelor Degree
FIN,FIN-ACCOUNTANTS AND AUDITORS,53162,2182998,59154.5,ACCOUNTANTS AND AUDITORS,Bachelor Degree
FIN,FIN-APPRAISERS AND ASSESSORS OF REAL ESTATE,3030,104069,38474.7,APPRAISERS AND ASSESSORS OF REAL ESTATE,Some College
FIN,FIN-BUDGET ANALYSTS,852,54696,70053.9,BUDGET ANALYSTS,Bachelor Degree
FIN,FIN-CREDIT ANALYSTS,914,30372,63825.5,CREDIT ANALYSTS,Bachelor Degree
FIN,FIN-FINANCIAL ANALYSTS,3215,251505,95274.7,FINANCIAL ANALYSTS,Bachelor Degree
FIN,FIN-PERSONAL FINANCIAL ADVISORS,5664,399869,103827.3,PERSONAL FINANCIAL ADVISORS,Bachelor Degree
FIN,FIN-INSURANCE UNDERWRITERS,2793,121914,62275.8,INSURANCE UNDERWRITERS,Bachelor Degree
FIN,FIN-FINANCIAL EXAMINERS,66,14300,86885,FINANCIAL EXAMINERS,Bachelor Degree
FIN,FIN-CREDIT COUNSELORS AND LOAN OFFICERS,7146,339767,64676.6,CREDIT COUNSELORS AND LOAN OFFICERS,Some College
FIN,"FIN-TAX EXAMINERS AND COLLECTORS, AND REVENUE AGENTS",4559,70942,45747.2,"TAX EXAMINERS AND COLLECTORS, AND REVENUE AGENTS",Some College
FIN,FIN-TAX PREPARERS,11611,150858,28256.1,TAX PREPARERS,Some College
FIN,"FIN-FINANCIAL SPECIALISTS, ALL OTHER",3372,58317,79486,"FINANCIAL SPECIALISTS, ALL OTHER",Bachelor Degree
CMM,CMM-COMPUTER AND INFORMATION RESEARCH SCIENTISTS,0,22971,73330.2,COMPUTER AND INFORMATION RESEARCH SCIENTISTS,Bachelor Degree
CMM,CMM-COMPUTER SYSTEMS ANALYSTS,12801,540069,71287.3,COMPUTER SYSTEMS ANALYSTS,Bachelor Degree
CMM,CMM-INFORMATION SECURITY ANALYSTS,1301,70326,84797.7,INFORMATION SECURITY ANALYSTS,Bachelor Degree
CMM,CMM-COMPUTER PROGRAMMERS,9408,499426,70577.8,COMPUTER PROGRAMMERS,Bachelor Degree
CMM,"CMM-SOFTWARE DEVELOPERS, APPLICATIONS AND SYSTEMS SOFTWARE",15503,1286538,90582.4,"SOFTWARE DEVELOPERS, APPLICATIONS AND SYSTEMS SOFTWARE",Bachelor Degree
CMM,CMM-WEB DEVELOPERS,3216,218590,45119.8,WEB DEVELOPERS,Bachelor Degree
CMM,CMM-COMPUTER SUPPORT SPECIALISTS,19046,717468,52652.6,COMPUTER SUPPORT SPECIALISTS,Some College
CMM,CMM-DATABASE ADMINISTRATORS,2866,126531,70205.2,DATABASE ADMINISTRATORS,Bachelor Degree
CMM,CMM-NETWORK AND COMPUTER SYSTEMS ADMINISTRATORS,6008,226029,63270,NETWORK AND COMPUTER SYSTEMS ADMINISTRATORS,Bachelor Degree
CMM,CMM-COMPUTER NETWORK ARCHITECTS,1960,114307,90643.2,COMPUTER NETWORK ARCHITECTS,Bachelor Degree
CMM,"CMM-COMPUTER OCCUPATIONS, ALL OTHER",15608,639406,64037.4,"COMPUTER OCCUPATIONS, ALL OTHER",Bachelor Degree
CMM,CMM-ACTUARIES,601,29813,114220.2,ACTUARIES,Bachelor Degree
CMM,CMM-OPERATIONS RESEARCH ANALYSTS,5156,154044,72482.1,OPERATIONS RESEARCH ANALYSTS,Bachelor Degree
CMM,"CMM-MISCELLANEOUS MATHEMATICAL SCIENCE OCCUPATIONS, INCLUDING MATHEMATICIANS AND STATISTICIANS",862,58243,80275.5,"MISCELLANEOUS MATHEMATICAL SCIENCE OCCUPATIONS, INCLUDING MATHEMATICIANS AND STATISTICIANS",Bachelor Degree
ENG,"ENG-ARCHITECTS, EXCEPT NAVAL",2376,196285,70724.6,"ARCHITECTS, EXCEPT NAVAL",Bachelor Degree
ENG,"ENG-SURVEYORS, CARTOGRAPHERS, AND PHOTOGRAMMETRISTS",1190,37506,45992.9,"SURVEYORS, CARTOGRAPHERS, AND PHOTOGRAMMETRISTS",Bachelor Degree
ENG,ENG-AEROSPACE ENGINEERS,1702,133700,91383.4,AEROSPACE ENGINEERS,Bachelor Degree
ENG,ENG-BIOMEDICAL AND AGRICULTURAL ENGINEERS,376,17167,75127.4,BIOMEDICAL AND AGRICULTURAL ENGINEERS,Bachelor Degree
ENG,ENG-CHEMICAL ENGINEERS,1113,73475,99119.3,CHEMICAL ENGINEERS,Bachelor Degree
ENG,ENG-CIVIL ENGINEERS,6701,352365,75839.1,CIVIL ENGINEERS,Bachelor Degree
ENG,ENG-COMPUTER HARDWARE ENGINEERS,908,57689,88170.8,COMPUTER HARDWARE ENGINEERS,Bachelor Degree
ENG,ENG-ELECTRICAL AND ELECTRONICS ENGINEERS,2642,239294,86267.1,ELECTRICAL AND ELECTRONICS ENGINEERS,Bachelor Degree
ENG,ENG-ENVIRONMENTAL ENGINEERS,1216,33272,70260.9,ENVIRONMENTAL ENGINEERS,Bachelor Degree
ENG,"ENG-INDUSTRIAL ENGINEERS, INCLUDING HEALTH AND SAFETY",4837,220620,69411.2,"INDUSTRIAL ENGINEERS, INCLUDING HEALTH AND SAFETY",Bachelor Degree
ENG,ENG-MARINE ENGINEERS AND NAVAL ARCHITECTS,971,13600,74885,MARINE ENGINEERS AND NAVAL ARCHITECTS,Bachelor Degree
ENG,ENG-MATERIALS ENGINEERS,575,47293,75485.1,MATERIALS ENGINEERS,Bachelor Degree
ENG,ENG-MECHANICAL ENGINEERS,3482,272204,77139.2,MECHANICAL ENGINEERS,Bachelor Degree
ENG,"ENG-PETROLEUM, MINING AND GEOLOGICAL ENGINEERS, INCLUDING MINING SAFETY ENGINEERS",685,54866,123686,"PETROLEUM, MINING AND GEOLOGICAL ENGINEERS, INCLUDING MINING SAFETY ENGINEERS",Bachelor Degree
ENG,"ENG-MISCELLANEOUS ENGINEERS, INCLUDING NUCLEAR ENGINEERS",10422,598949,85450.8,"MISCELLANEOUS ENGINEERS, INCLUDING NUCLEAR ENGINEERS",Bachelor Degree
ENG,ENG-DRAFTERS,5855,182359,41117.1,DRAFTERS,Some College
ENG,"ENG-ENGINEERING TECHNICIANS, EXCEPT DRAFTERS",15942,421435,46954.4,"ENGINEERING TECHNICIANS, EXCEPT DRAFTERS",Some College
ENG,ENG-SURVEYING AND MAPPING TECHNICIANS,3213,79386,38761.7,SURVEYING AND MAPPING TECHNICIANS,Some College
SCI,SCI-AGRICULTURAL AND FOOD SCIENTISTS,181,24777,51445.8,AGRICULTURAL AND FOOD SCIENTISTS,Bachelor Degree
SCI,SCI-BIOLOGICAL SCIENTISTS,1295,82336,56433,BIOLOGICAL SCIENTISTS,Bachelor Degree
SCI,SCI-CONSERVATION SCIENTISTS AND FORESTERS,503,22850,50453.5,CONSERVATION SCIENTISTS AND FORESTERS,Bachelor Degree
SCI,"SCI-MEDICAL SCIENTISTS, AND LIFE SCIENTISTS, ALL OTHER",1430,171791,79850.2,"MEDICAL SCIENTISTS, AND LIFE SCIENTISTS, ALL OTHER","Master, PhD, or Professional Degree"
SCI,SCI-ASTRONOMERS AND PHYSICISTS,520,11211,85080.4,ASTRONOMERS AND PHYSICISTS,"Master, PhD, or Professional Degree"
SCI,SCI-ATMOSPHERIC AND SPACE SCIENTISTS,759,12943,66926.5,ATMOSPHERIC AND SPACE SCIENTISTS,Bachelor Degree
SCI,SCI-CHEMISTS AND MATERIALS SCIENTISTS,777,96724,70466.6,CHEMISTS AND MATERIALS SCIENTISTS,Bachelor Degree
SCI,SCI-ENVIRONMENTAL SCIENTISTS AND GEOSCIENTISTS,956,82426,83476.8,ENVIRONMENTAL SCIENTISTS AND GEOSCIENTISTS,Bachelor Degree
SCI,"SCI-PHYSICAL SCIENTISTS, ALL OTHER",2745,245203,71301.9,"PHYSICAL SCIENTISTS, ALL OTHER","Master, PhD, or Professional Degree"
SCI,SCI-ECONOMISTS,332,24636,114670.5,ECONOMISTS,"Master, PhD, or Professional Degree"
SCI,SCI-PSYCHOLOGISTS,6517,217286,47810.6,PSYCHOLOGISTS,"Master, PhD, or Professional Degree"
SCI,SCI-URBAN AND REGIONAL PLANNERS,1159,25315,58818.5,URBAN AND REGIONAL PLANNERS,Bachelor Degree
SCI,"SCI-MISCELLANEOUS SOCIAL SCIENTISTS, INCLUDING SURVEY RESEARCHERS AND SOCIOLOGISTS",1188,46324,43341.5,"MISCELLANEOUS SOCIAL SCIENTISTS, INCLUDING SURVEY RESEARCHERS AND SOCIOLOGISTS",Bachelor Degree
SCI,SCI-AGRICULTURAL AND FOOD SCIENCE TECHNICIANS,1730,43363,40906.4,AGRICULTURAL AND FOOD SCIENCE TECHNICIANS,Some College
SCI,SCI-BIOLOGICAL TECHNICIANS,388,26615,45529.1,BIOLOGICAL TECHNICIANS,Some College
SCI,SCI-CHEMICAL TECHNICIANS,2821,83169,46126.6,CHEMICAL TECHNICIANS,Some College
SCI,"SCI-GEOLOGICAL AND PETROLEUM TECHNICIANS, AND NUCLEAR TECHNICIANS",1477,26576,61703.9,"GEOLOGICAL AND PETROLEUM TECHNICIANS, AND NUCLEAR TECHNICIANS",Some College
SCI,"SCI-MISCELLANEOUS LIFE, PHYSICAL, AND SOCIAL SCIENCE TECHNICIANS, INCLUDING SOCIAL SCIENCE RESEARCH ASSISTANTS",5925,293641,28096.2,"MISCELLANEOUS LIFE, PHYSICAL, AND SOCIAL SCIENCE TECHNICIANS, INCLUDING SOCIAL SCIENCE RESEARCH ASSISTANTS",Some College
CMS,CMS-COUNSELORS,38606,935791,33950.1,COUNSELORS,Bachelor Degree
CMS,CMS-SOCIAL WORKERS,39311,938822,37545.2,SOCIAL WORKERS,Bachelor Degree
CMS,CMS-PROBATION OFFICERS AND CORRECTIONAL TREATMENT SPECIALISTS,3355,96906,44453.2,PROBATION OFFICERS AND CORRECTIONAL TREATMENT SPECIALISTS,Bachelor Degree
CMS,CMS-SOCIAL AND HUMAN SERVICE ASSISTANTS,10501,218326,29905.9,SOCIAL AND HUMAN SERVICE ASSISTANTS,Some College
CMS,"CMS-MISCELLANEOUS COMMUNITY AND SOCIAL SERVICE SPECIALISTS, INCLUDING HEALTH EDUCATORS AND COMMUNITY HEALTH WORKERS",5490,110440,35288.4,"MISCELLANEOUS COMMUNITY AND SOCIAL SERVICE SPECIALISTS, INCLUDING HEALTH EDUCATORS AND COMMUNITY HEALTH WORKERS",Bachelor Degree
CMS,CMS-CLERGY,22564,475875,35008.8,CLERGY,Bachelor Degree
CMS,"CMS-DIRECTORS, RELIGIOUS ACTIVITIES AND EDUCATION",1835,84551,33002.1,"DIRECTORS, RELIGIOUS ACTIVITIES AND EDUCATION",Bachelor Degree
CMS,"CMS-RELIGIOUS WORKERS, ALL OTHER",4091,90987,21169.3,"RELIGIOUS WORKERS, ALL OTHER",Some College
LGL,"LGL-LAWYERS, AND JUDGES, MAGISTRATES, AND OTHER JUDICIAL WORKERS",27946,1213442,119680.5,"LAWYERS, AND JUDGES, MAGISTRATES, AND OTHER JUDICIAL WORKERS","Master, PhD, or Professional Degree"
LGL,LGL-JUDICIAL LAW CLERKS,307,26468,46059.2,JUDICIAL LAW CLERKS,"Master, PhD, or Professional Degree"
LGL,LGL-PARALEGALS AND LEGAL ASSISTANTS,15616,464755,41805.2,PARALEGALS AND LEGAL ASSISTANTS,Some College
LGL,LGL-MISCELLANEOUS LEGAL SUPPORT WORKERS,5984,201693,43907.6,MISCELLANEOUS LEGAL SUPPORT WORKERS,Some College
EDU,EDU-POSTSECONDARY TEACHERS,51046,1792356,48287.2,POSTSECONDARY TEACHERS,"Master, PhD, or Professional Degree"
EDU,EDU-PRESCHOOL AND KINDERGARTEN TEACHERS,20889,715495,19187.1,PRESCHOOL AND KINDERGARTEN TEACHERS,Some College
EDU,EDU-ELEMENTARY AND MIDDLE SCHOOL TEACHERS,99184,4188602,39087.1,ELEMENTARY AND MIDDLE SCHOOL TEACHERS,Bachelor Degree
EDU,EDU-SECONDARY SCHOOL TEACHERS,21605,928527,43177.4,SECONDARY SCHOOL TEACHERS,Bachelor Degree
EDU,EDU-SPECIAL EDUCATION TEACHERS,7178,301526,38621.3,SPECIAL EDUCATION TEACHERS,Bachelor Degree
EDU,EDU-OTHER TEACHERS AND INSTRUCTORS,36180,1159782,20139.2,OTHER TEACHERS AND INSTRUCTORS,Some College
EDU,"EDU-ARCHIVISTS, CURATORS, AND MUSEUM TECHNICIANS",1547,56785,36674.1,"ARCHIVISTS, CURATORS, AND MUSEUM TECHNICIANS",Bachelor Degree
EDU,EDU-LIBRARIANS,6508,209359,34169.4,LIBRARIANS,Bachelor Degree
EDU,EDU-LIBRARY TECHNICIANS,1939,64483,15287,LIBRARY TECHNICIANS,Some College
EDU,EDU-TEACHER ASSISTANTS,54922,1294660,16272.3,TEACHER ASSISTANTS,Some College
EDU,"EDU-OTHER EDUCATION, TRAINING, AND LIBRARY WORKERS",4101,138612,37437.7,"OTHER EDUCATION, TRAINING, AND LIBRARY WORKERS",Bachelor Degree
ENT,ENT-ARTISTS AND RELATED WORKERS,10225,252423,26401.4,ARTISTS AND RELATED WORKERS,Bachelor Degree
ENT,ENT-DESIGNERS,20068,1015594,39110.8,DESIGNERS,Some College
ENT,ENT-ACTORS,2049,78209,23362.7,ACTORS,Some College
ENT,ENT-PRODUCERS AND DIRECTORS,2740,177628,63538.6,PRODUCERS AND DIRECTORS,Bachelor Degree
ENT,"ENT-ATHLETES, COACHES, UMPIRES, AND RELATED WORKERS",5494,426324,22002.2,"ATHLETES, COACHES, UMPIRES, AND RELATED WORKERS",Some College
ENT,ENT-DANCERS AND CHOREOGRAPHERS,632,29485,21118.2,DANCERS AND CHOREOGRAPHERS,Some College
ENT,"ENT-MUSICIANS, SINGERS, AND RELATED WORKERS",14026,262191,18916.5,"MUSICIANS, SINGERS, AND RELATED WORKERS",Some College
ENT,"ENT-ENTERTAINERS AND PERFORMERS, SPORTS AND RELATED WORKERS, ALL OTHER",2565,56291,17534.8,"ENTERTAINERS AND PERFORMERS, SPORTS AND RELATED WORKERS, ALL OTHER",Some College
ENT,ENT-ANNOUNCERS,4420,57267,33629.1,ANNOUNCERS,Some College
ENT,"ENT-NEWS ANALYSTS, REPORTERS AND CORRESPONDENTS",2619,88395,49712,"NEWS ANALYSTS, REPORTERS AND CORRESPONDENTS",Bachelor Degree
ENT,ENT-PUBLIC RELATIONS SPECIALISTS,2198,152696,61582.1,PUBLIC RELATIONS SPECIALISTS,Bachelor Degree
ENT,ENT-EDITORS,5045,221123,42321.9,EDITORS,Bachelor Degree
ENT,ENT-TECHNICAL WRITERS,2293,66305,54379,TECHNICAL WRITERS,Bachelor Degree
ENT,ENT-WRITERS AND AUTHORS,10338,290605,34839.2,WRITERS AND AUTHORS,Bachelor Degree
ENT,ENT-MISCELLANEOUS MEDIA AND COMMUNICATION WORKERS,5559,135297,24981.9,MISCELLANEOUS MEDIA AND COMMUNICATION WORKERS,Some College
ENT,"ENT-BROADCAST AND SOUND ENGINEERING TECHNICIANS AND RADIO OPERATORS, AND MEDIA AND COMMUNICATION EQUIPMENT WORKERS, ALL OTHER",2758,126710,39217.6,"BROADCAST AND SOUND ENGINEERING TECHNICIANS AND RADIO OPERATORS, AND MEDIA AND COMMUNICATION EQUIPMENT WORKERS, ALL OTHER",Some College
ENT,ENT-PHOTOGRAPHERS,7172,234190,16869.2,PHOTOGRAPHERS,Some College
ENT,"ENT-TELEVISION, VIDEO, AND MOTION PICTURE CAMERA OPERATORS AND EDITORS",1498,77834,35366.2,"TELEVISION, VIDEO, AND MOTION PICTURE CAMERA OPERATORS AND EDITORS",Bachelor Degree
MED,MED-CHIROPRACTORS,1012,57835,55820.3,CHIROPRACTORS,"Master, PhD, or Professional Degree"
MED,MED-DENTISTS,2162,177401,124640.9,DENTISTS,"Master, PhD, or Professional Degree"
MED,MED-DIETITIANS AND NUTRITIONISTS,3382,106644,38513.5,DIETITIANS AND NUTRITIONISTS,Bachelor Degree
MED,MED-OPTOMETRISTS,113,39645,85471.5,OPTOMETRISTS,"Master, PhD, or Professional Degree"
MED,MED-PHARMACISTS,8083,328541,86644.6,PHARMACISTS,"Master, PhD, or Professional Degree"
MED,MED-PHYSICIANS AND SURGEONS,13910,970535,192009.9,PHYSICIANS AND SURGEONS,"Master, PhD, or Professional Degree"
MED,MED-PHYSICIAN ASSISTANTS,549,100424,85022,PHYSICIAN ASSISTANTS,"Master, PhD, or Professional Degree"
MED,MED-PODIATRISTS,308,8120,116267.1,PODIATRISTS,"Master, PhD, or Professional Degree"
MED,MED-AUDIOLOGISTS,287,17003,59166.8,AUDIOLOGISTS,"Master, PhD, or Professional Degree"
MED,MED-OCCUPATIONAL THERAPISTS,1387,115968,53389.5,OCCUPATIONAL THERAPISTS,Bachelor Degree
MED,MED-PHYSICAL THERAPISTS,1755,254100,60572.1,PHYSICAL THERAPISTS,"Master, PhD, or Professional Degree"
MED,MED-RADIATION THERAPISTS,269,18328,64577.8,RADIATION THERAPISTS,Bachelor Degree
MED,MED-RECREATIONAL THERAPISTS,311,11936,33030.4,RECREATIONAL THERAPISTS,Bachelor Degree
MED,MED-RESPIRATORY THERAPISTS,3442,111079,50166.8,RESPIRATORY THERAPISTS,Some College
MED,MED-SPEECH-LANGUAGE PATHOLOGISTS,2774,167094,47571.1,SPEECH-LANGUAGE PATHOLOGISTS,"Master, PhD, or Professional Degree"
MED,"MED-OTHER THERAPISTS, INCLUDING EXERCISE PHYSIOLOGISTS",3678,178562,35264.6,"OTHER THERAPISTS, INCLUDING EXERCISE PHYSIOLOGISTS",Bachelor Degree
MED,MED-VETERINARIANS,1011,78341,83180.7,VETERINARIANS,"Master, PhD, or Professional Degree"
MED,MED-REGISTERED NURSES,97596,3427336,53748.8,REGISTERED NURSES,Bachelor Degree
MED,MED-NURSE ANESTHETISTS,431,30050,142463.3,NURSE ANESTHETISTS,"Master, PhD, or Professional Degree"
MED,"MED-NURSE PRACTITIONERS, AND NURSE MIDWIVES",1419,141537,85312.5,"NURSE PRACTITIONERS, AND NURSE MIDWIVES","Master, PhD, or Professional Degree"
MED,"MED-HEALTH DIAGNOSING AND TREATING PRACTITIONERS, ALL OTHER",797,29862,30935.3,"HEALTH DIAGNOSING AND TREATING PRACTITIONERS, ALL OTHER",Bachelor Degree
MED,MED-CLINICAL LABORATORY TECHNOLOGISTS AND TECHNICIANS,11286,374283,39443.1,CLINICAL LABORATORY TECHNOLOGISTS AND TECHNICIANS,Some College
MED,MED-DENTAL HYGIENISTS,2205,197661,44156.4,DENTAL HYGIENISTS,Some College
MED,MED-DIAGNOSTIC RELATED TECHNOLOGISTS AND TECHNICIANS,9733,382147,48135.7,DIAGNOSTIC RELATED TECHNOLOGISTS AND TECHNICIANS,Some College
MED,MED-EMERGENCY MEDICAL TECHNICIANS AND PARAMEDICS,4369,228589,38385.9,EMERGENCY MEDICAL TECHNICIANS AND PARAMEDICS,Some College
MED,MED-HEALTH PRACTITIONER SUPPORT TECHNOLOGISTS AND TECHNICIANS,17497,711158,27142.3,HEALTH PRACTITIONER SUPPORT TECHNOLOGISTS AND TECHNICIANS,Some College
MED,MED-LICENSED PRACTICAL AND LICENSED VOCATIONAL NURSES,53066,948238,30436.4,LICENSED PRACTICAL AND LICENSED VOCATIONAL NURSES,Some College
MED,MED-MEDICAL RECORDS AND HEALTH INFORMATION TECHNICIANS,9797,203355,33079.5,MEDICAL RECORDS AND HEALTH INFORMATION TECHNICIANS,Some College
MED,"MED-OPTICIANS, DISPENSING",2461,63244,33525.4,"OPTICIANS, DISPENSING",Some College
MED,MED-MISCELLANEOUS HEALTH TECHNOLOGISTS AND TECHNICIANS,5527,141277,39907.2,MISCELLANEOUS HEALTH TECHNOLOGISTS AND TECHNICIANS,Some College
MED,MED-OTHER HEALTHCARE PRACTITIONERS AND TECHNICAL OCCUPATIONS,4572,147320,50273.5,OTHER HEALTHCARE PRACTITIONERS AND TECHNICAL OCCUPATIONS,Bachelor Degree
HLS,"HLS-NURSING, PSYCHIATRIC, AND HOME HEALTH AIDES",144953,2447466,18920.1,"NURSING, PSYCHIATRIC, AND HOME HEALTH AIDES",Some College
HLS,HLS-OCCUPATIONAL THERAPY ASSISTANTS AND AIDES,1396,23578,34523.4,OCCUPATIONAL THERAPY ASSISTANTS AND AIDES,Some College
HLS,HLS-PHYSICAL THERAPIST ASSISTANTS AND AIDES,1017,101208,30485.1,PHYSICAL THERAPIST ASSISTANTS AND AIDES,Some College
HLS,HLS-MASSAGE THERAPISTS,4203,201703,14391.2,MASSAGE THERAPISTS,Some College
HLS,HLS-DENTAL ASSISTANTS,5330,360691,25001.7,DENTAL ASSISTANTS,Some College
HLS,HLS-MEDICAL ASSISTANTS,15418,605057,24382.8,MEDICAL ASSISTANTS,Some College
HLS,HLS-MEDICAL TRANSCRIPTIONISTS,3426,59300,17057.1,MEDICAL TRANSCRIPTIONISTS,Some College
HLS,HLS-PHARMACY AIDES,2316,52116,25217.8,PHARMACY AIDES,Some College
HLS,HLS-VETERINARY ASSISTANTS AND LABORATORY ANIMAL CARETAKERS,2182,63727,18030.2,VETERINARY ASSISTANTS AND LABORATORY ANIMAL CARETAKERS,Some College
HLS,HLS-PHLEBOTOMISTS,6651,138588,23974,PHLEBOTOMISTS,Some College
HLS,"HLS-HEALTHCARE SUPPORT WORKERS, ALL OTHER, INCLUDING MEDICAL EQUIPMENT PREPARERS",6850,191797,22483.7,"HEALTHCARE SUPPORT WORKERS, ALL OTHER, INCLUDING MEDICAL EQUIPMENT PREPARERS",Some College
PRT,PRT-FIRST-LINE SUPERVISORS OF CORRECTIONAL OFFICERS,4648,67332,48857.4,FIRST-LINE SUPERVISORS OF CORRECTIONAL OFFICERS,Some College
PRT,PRT-FIRST-LINE SUPERVISORS OF POLICE AND DETECTIVES,4560,115239,70324.6,FIRST-LINE SUPERVISORS OF POLICE AND DETECTIVES,Some College
PRT,PRT-FIRST-LINE SUPERVISORS OF FIRE FIGHTING AND PREVENTION WORKERS,1185,56913,73292.9,FIRST-LINE SUPERVISORS OF FIRE FIGHTING AND PREVENTION WORKERS,Some College
PRT,"PRT-FIRST-LINE SUPERVISORS OF PROTECTIVE SERVICE WORKERS, ALL OTHER",4212,83694,47391.7,"FIRST-LINE SUPERVISORS OF PROTECTIVE SERVICE WORKERS, ALL OTHER",Some College
PRT,PRT-FIREFIGHTERS,6799,309726,59252.9,FIREFIGHTERS,Some College
PRT,PRT-FIRE INSPECTORS,722,23226,44571.1,FIRE INSPECTORS,Some College
PRT,"PRT-BAILIFFS, CORRECTIONAL OFFICERS, AND JAILERS",23102,468702,41157.8,"BAILIFFS, CORRECTIONAL OFFICERS, AND JAILERS",Some College
PRT,PRT-DETECTIVES AND CRIMINAL INVESTIGATORS,3972,142081,67384.5,DETECTIVES AND CRIMINAL INVESTIGATORS,Bachelor Degree
PRT,PRT-MISCELLANEOUS LAW ENFORCEMENT WORKERS,422,15864,32325.5,MISCELLANEOUS LAW ENFORCEMENT WORKERS,Some College
PRT,PRT-POLICE OFFICERS,20391,792251,58646.6,POLICE OFFICERS,Some College
PRT,PRT-ANIMAL CONTROL WORKERS,878,10276,36285.7,ANIMAL CONTROL WORKERS,Some College
PRT,PRT-PRIVATE DETECTIVES AND INVESTIGATORS,4241,94621,46753.8,PRIVATE DETECTIVES AND INVESTIGATORS,Bachelor Degree
PRT,PRT-SECURITY GUARDS AND GAMING SURVEILLANCE OFFICERS,76557,1191083,24968.8,SECURITY GUARDS AND GAMING SURVEILLANCE OFFICERS,Some College
PRT,PRT-CROSSING GUARDS,6868,83970,13731.4,CROSSING GUARDS,High School
PRT,PRT-TRANSPORTATION SECURITY SCREENERS,1738,36686,39204.6,TRANSPORTATION SECURITY SCREENERS,Some College
PRT,"PRT-LIFEGUARDS AND OTHER RECREATIONAL, AND ALL OTHER PROTECTIVE SERVICE WORKERS",2619,332579,6427.6,"LIFEGUARDS AND OTHER RECREATIONAL, AND ALL OTHER PROTECTIVE SERVICE WORKERS",High School
EAT,EAT-CHEFS AND HEAD COOKS,15993,485342,27149.7,CHEFS AND HEAD COOKS,Some College
EAT,EAT-FIRST-LINE SUPERVISORS OF FOOD PREPARATION AND SERVING WORKERS,23521,629609,22811.1,FIRST-LINE SUPERVISORS OF FOOD PREPARATION AND SERVING WORKERS,Some College
EAT,EAT-COOKS,125282,3011418,13366.2,COOKS,High School
EAT,EAT-FOOD PREPARATION WORKERS,46082,1322901,10404.3,FOOD PREPARATION WORKERS,High School
EAT,EAT-BARTENDERS,14940,516418,19399.9,BARTENDERS,Some College
EAT,"EAT-COMBINED FOOD PREPARATION AND SERVING WORKERS, INCLUDING FAST FOOD",19486,518395,10018.9,"COMBINED FOOD PREPARATION AND SERVING WORKERS, INCLUDING FAST FOOD",High School
EAT,"EAT-COUNTER ATTENDANTS, CAFETERIA, FOOD CONCESSION, AND COFFEE SHOP",5792,301797,6527.2,"COUNTER ATTENDANTS, CAFETERIA, FOOD CONCESSION, AND COFFEE SHOP",High School
EAT,EAT-WAITERS AND WAITRESSES,56724,2896253,12746.5,WAITERS AND WAITRESSES,Some College
EAT,"EAT-FOOD SERVERS, NONRESTAURANT",10164,237634,13246.4,"FOOD SERVERS, NONRESTAURANT",High School
EAT,"EAT-MISCELLANEOUS FOOD PREPARATION AND SERVING RELATED WORKERS, INCLUDING DINING ROOM AND CAFETERIA ATTENDANTS AND BARTENDER HELPERS",15707,497642,9847.7,"MISCELLANEOUS FOOD PREPARATION AND SERVING RELATED WORKERS, INCLUDING DINING ROOM AND CAFETERIA ATTENDANTS AND BARTENDER HELPERS",High School
EAT,EAT-DISHWASHERS,21447,478758,8654.1,DISHWASHERS,High School
EAT,"EAT-HOSTS AND HOSTESSES, RESTAURANT, LOUNGE, AND COFFEE SHOP",6541,441528,6745,"HOSTS AND HOSTESSES, RESTAURANT, LOUNGE, AND COFFEE SHOP",High School
CLN,CLN-FIRST-LINE SUPERVISORS OF HOUSEKEEPING AND JANITORIAL WORKERS,16416,257779,28790,FIRST-LINE SUPERVISORS OF HOUSEKEEPING AND JANITORIAL WORKERS,High School
CLN,"CLN-FIRST-LINE SUPERVISORS OF LANDSCAPING, LAWN SERVICE, AND GROUNDSKEEPING WORKERS",4508,175621,29542,"FIRST-LINE SUPERVISORS OF LANDSCAPING, LAWN SERVICE, AND GROUNDSKEEPING WORKERS",Some College
CLN,CLN-JANITORS AND BUILDING CLEANERS,189924,3112759,17568.9,JANITORS AND BUILDING CLEANERS,High School
CLN,CLN-MAIDS AND HOUSEKEEPING CLEANERS,109645,1985140,10775.6,MAIDS AND HOUSEKEEPING CLEANERS,High School
CLN,CLN-PEST CONTROL WORKERS,2263,85058,27417,PEST CONTROL WORKERS,Some College
CLN,CLN-GROUNDS MAINTENANCE WORKERS,67006,1782848,13569.4,GROUNDS MAINTENANCE WORKERS,High School
PRS,PRS-FIRST-LINE SUPERVISORS OF GAMING WORKERS,932,26341,35436.5,FIRST-LINE SUPERVISORS OF GAMING WORKERS,Some College
PRS,PRS-FIRST-LINE SUPERVISORS OF PERSONAL SERVICE WORKERS,3056,94772,26973.8,FIRST-LINE SUPERVISORS OF PERSONAL SERVICE WORKERS,Some College
PRS,PRS-ANIMAL TRAINERS,1868,48675,16746.2,ANIMAL TRAINERS,Some College
PRS,PRS-NONFARM ANIMAL CARETAKERS,10308,299674,12489.9,NONFARM ANIMAL CARETAKERS,Some College
PRS,PRS-GAMING SERVICES WORKERS,7082,121587,28523.9,GAMING SERVICES WORKERS,Some College
PRS,PRS-MOTION PICTURE PROJECTIONISTS,17,4136,17389,MOTION PICTURE PROJECTIONISTS,Some College
PRS,"PRS-USHERS, LOBBY ATTENDANTS, AND TICKET TAKERS",4376,72692,6352.7,"USHERS, LOBBY ATTENDANTS, AND TICKET TAKERS",Some College
PRS,PRS-MISCELLANEOUS ENTERTAINMENT ATTENDANTS AND RELATED WORKERS,9706,327095,9270.1,MISCELLANEOUS ENTERTAINMENT ATTENDANTS AND RELATED WORKERS,Some College
PRS,PRS-EMBALMERS AND FUNERAL ATTENDANTS,1684,20964,18939.8,EMBALMERS AND FUNERAL ATTENDANTS,Some College
PRS,"PRS-MORTICIANS, UNDERTAKERS, AND FUNERAL DIRECTORS",2225,39413,48299.1,"MORTICIANS, UNDERTAKERS, AND FUNERAL DIRECTORS",Some College
PRS,PRS-BARBERS,6475,116544,10629.8,BARBERS,High School
PRS,"PRS-HAIRDRESSERS, HAIRSTYLISTS, AND COSMETOLOGISTS",38546,967546,13368,"HAIRDRESSERS, HAIRSTYLISTS, AND COSMETOLOGISTS",High School
PRS,PRS-MISCELLANEOUS PERSONAL APPEARANCE WORKERS,6262,366982,14964.3,MISCELLANEOUS PERSONAL APPEARANCE WORKERS,High School
PRS,"PRS-BAGGAGE PORTERS, BELLHOPS, AND CONCIERGES",3380,97787,24875.4,"BAGGAGE PORTERS, BELLHOPS, AND CONCIERGES",Some College
PRS,PRS-TOUR AND TRAVEL GUIDES,2509,81909,12870.6,TOUR AND TRAVEL GUIDES,Some College
PRS,PRS-CHILDCARE WORKERS,75537,1798014,7865.2,CHILDCARE WORKERS,Some College
PRS,PRS-PERSONAL CARE AIDES,135901,1668142,13946.7,PERSONAL CARE AIDES,High School
PRS,PRS-RECREATION AND FITNESS WORKERS,15016,623745,13772,RECREATION AND FITNESS WORKERS,Some College
PRS,PRS-RESIDENTIAL ADVISORS,2610,90439,12872.3,RESIDENTIAL ADVISORS,Some College
PRS,"PRS-PERSONAL CARE AND SERVICE WORKERS, ALL OTHER",7922,194151,13360.1,"PERSONAL CARE AND SERVICE WORKERS, ALL OTHER",Some College
SAL,SAL-FIRST-LINE SUPERVISORS OF RETAIL SALES WORKERS,118529,3436970,38509.7,FIRST-LINE SUPERVISORS OF RETAIL SALES WORKERS,Some College
SAL,SAL-FIRST-LINE SUPERVISORS OF NON-RETAIL SALES WORKERS,41742,1335539,68334.5,FIRST-LINE SUPERVISORS OF NON-RETAIL SALES WORKERS,Some College
SAL,SAL-CASHIERS,181587,4713546,10095.1,CASHIERS,High School
SAL,SAL-COUNTER AND RENTAL CLERKS,5367,118828,20067.3,COUNTER AND RENTAL CLERKS,Some College
SAL,SAL-PARTS SALESPERSONS,4571,138366,29667.8,PARTS SALESPERSONS,High School
SAL,SAL-RETAIL SALESPERSONS,152884,4550848,20557.6,RETAIL SALESPERSONS,Some College
SAL,SAL-ADVERTISING SALES AGENTS,5989,190555,57533.1,ADVERTISING SALES AGENTS,Bachelor Degree
SAL,SAL-INSURANCE SALES AGENTS,18977,630843,50462.1,INSURANCE SALES AGENTS,Some College
SAL,"SAL-SECURITIES, COMMODITIES, AND FINANCIAL SERVICES SALES AGENTS",5633,275570,111362.2,"SECURITIES, COMMODITIES, AND FINANCIAL SERVICES SALES AGENTS",Bachelor Degree
SAL,SAL-TRAVEL AGENTS,2558,90703,26794,TRAVEL AGENTS,Some College
SAL,"SAL-SALES REPRESENTATIVES, SERVICES, ALL OTHER",18410,756375,64298.8,"SALES REPRESENTATIVES, SERVICES, ALL OTHER",Some College
SAL,"SAL-SALES REPRESENTATIVES, WHOLESALE AND MANUFACTURING",33449,1565342,65774,"SALES REPRESENTATIVES, WHOLESALE AND MANUFACTURING",Some College
SAL,"SAL-MODELS, DEMONSTRATORS, AND PRODUCT PROMOTERS",7267,90920,12711.7,"MODELS, DEMONSTRATORS, AND PRODUCT PROMOTERS",Some College
SAL,SAL-REAL ESTATE BROKERS AND SALES AGENTS,34730,960886,40841.4,REAL ESTATE BROKERS AND SALES AGENTS,Some College
SAL,SAL-SALES ENGINEERS,400,37650,99899.2,SALES ENGINEERS,Bachelor Degree
SAL,SAL-TELEMARKETERS,9818,131527,14140.7,TELEMARKETERS,Some College
SAL,"SAL-DOOR-TO-DOOR SALES WORKERS, NEWS AND STREET VENDORS, AND RELATED WORKERS",15571,199775,11074.2,"DOOR-TO-DOOR SALES WORKERS, NEWS AND STREET VENDORS, AND RELATED WORKERS",Some College
SAL,"SAL-SALES AND RELATED WORKERS, ALL OTHER",19055,355329,43468.2,"SALES AND RELATED WORKERS, ALL OTHER",Some College
OFF,OFF-FIRST-LINE SUPERVISORS OF OFFICE AND ADMINISTRATIVE SUPPORT WORKERS,64918,1556769,45257.9,FIRST-LINE SUPERVISORS OF OFFICE AND ADMINISTRATIVE SUPPORT WORKERS,Some College
OFF,"OFF-SWITCHBOARD OPERATORS, INCLUDING ANSWERING SERVICE",3263,38039,20552.1,"SWITCHBOARD OPERATORS, INCLUDING ANSWERING SERVICE",Some College
OFF,OFF-TELEPHONE OPERATORS,4756,47692,19189.9,TELEPHONE OPERATORS,Some College
OFF,"OFF-COMMUNICATIONS EQUIPMENT OPERATORS, ALL OTHER",230,13800,37864.8,"COMMUNICATIONS EQUIPMENT OPERATORS, ALL OTHER",Some College
OFF,OFF-BILL AND ACCOUNT COLLECTORS,10499,203685,27540.4,BILL AND ACCOUNT COLLECTORS,Some College
OFF,OFF-BILLING AND POSTING CLERKS,24519,545903,29322.9,BILLING AND POSTING CLERKS,Some College
OFF,"OFF-BOOKKEEPING, ACCOUNTING, AND AUDITING CLERKS",74138,1418078,28069.9,"BOOKKEEPING, ACCOUNTING, AND AUDITING CLERKS",Some College
OFF,OFF-GAMING CAGE WORKERS,174,8678,23033.9,GAMING CAGE WORKERS,Some College
OFF,OFF-PAYROLL AND TIMEKEEPING CLERKS,7425,191614,34211.7,PAYROLL AND TIMEKEEPING CLERKS,Some College
OFF,OFF-PROCUREMENT CLERKS,577,36664,48487.3,PROCUREMENT CLERKS,Some College
OFF,OFF-TELLERS,11207,419023,19575,TELLERS,Some College
OFF,"OFF-FINANCIAL CLERKS, ALL OTHER",2655,139157,60405,"FINANCIAL CLERKS, ALL OTHER",Some College
OFF,OFF-BROKERAGE CLERKS,0,6848,40629,BROKERAGE CLERKS,Some College
OFF,"OFF-COURT, MUNICIPAL, AND LICENSE CLERKS",4429,87799,31407,"COURT, MUNICIPAL, AND LICENSE CLERKS",Some College
OFF,"OFF-CREDIT AUTHORIZERS, CHECKERS, AND CLERKS",2169,57337,37930.3,"CREDIT AUTHORIZERS, CHECKERS, AND CLERKS",Some College
OFF,OFF-CUSTOMER SERVICE REPRESENTATIVES,118143,3298720,24661.2,CUSTOMER SERVICE REPRESENTATIVES,Some College
OFF,"OFF-ELIGIBILITY INTERVIEWERS, GOVERNMENT PROGRAMS",5148,83430,35489.5,"ELIGIBILITY INTERVIEWERS, GOVERNMENT PROGRAMS",Some College
OFF,OFF-FILE CLERKS,15628,342804,19208,FILE CLERKS,Some College
OFF,"OFF-HOTEL, MOTEL, AND RESORT DESK CLERKS",8437,175083,16502.1,"HOTEL, MOTEL, AND RESORT DESK CLERKS",Some College
OFF,"OFF-INTERVIEWERS, EXCEPT ELIGIBILITY AND LOAN",14244,179707,20494.7,"INTERVIEWERS, EXCEPT ELIGIBILITY AND LOAN",Some College
OFF,"OFF-LIBRARY ASSISTANTS, CLERICAL",6307,134155,12882.7,"LIBRARY ASSISTANTS, CLERICAL",Some College
OFF,OFF-LOAN INTERVIEWERS AND CLERKS,4702,131912,37006.9,LOAN INTERVIEWERS AND CLERKS,Some College
OFF,OFF-NEW ACCOUNTS CLERKS,535,17748,41781.6,NEW ACCOUNTS CLERKS,Some College
OFF,OFF-CORRESPONDENCE CLERKS AND ORDER CLERKS,7431,174300,24794,CORRESPONDENCE CLERKS AND ORDER CLERKS,Some College
OFF,"OFF-HUMAN RESOURCES ASSISTANTS, EXCEPT PAYROLL AND TIMEKEEPING",2595,61293,30600.1,"HUMAN RESOURCES ASSISTANTS, EXCEPT PAYROLL AND TIMEKEEPING",Some College
OFF,OFF-RECEPTIONISTS AND INFORMATION CLERKS,75349,1491293,17712.3,RECEPTIONISTS AND INFORMATION CLERKS,Some College
OFF,OFF-RESERVATION AND TRANSPORTATION TICKET AGENTS AND TRAVEL CLERKS,6328,149366,29892.4,RESERVATION AND TRANSPORTATION TICKET AGENTS AND TRAVEL CLERKS,Some College
OFF,"OFF-INFORMATION AND RECORD CLERKS, ALL OTHER",7151,129491,24680.5,"INFORMATION AND RECORD CLERKS, ALL OTHER",Some College
OFF,OFF-CARGO AND FREIGHT AGENTS,1046,23579,33801,CARGO AND FREIGHT AGENTS,Some College
OFF,OFF-COURIERS AND MESSENGERS,10928,268233,25899.9,COURIERS AND MESSENGERS,Some College
OFF,OFF-DISPATCHERS,18456,315484,33398.2,DISPATCHERS,Some College
OFF,"OFF-METER READERS, UTILITIES",2028,32499,33777.2,"METER READERS, UTILITIES",Some College
OFF,OFF-POSTAL SERVICE CLERKS,9770,131186,39293.2,POSTAL SERVICE CLERKS,Some College
OFF,OFF-POSTAL SERVICE MAIL CARRIERS,14787,379629,40097.7,POSTAL SERVICE MAIL CARRIERS,Some College
OFF,"OFF-POSTAL SERVICE MAIL SORTERS, PROCESSORS, AND PROCESSING MACHINE OPERATORS",5945,83352,35096.8,"POSTAL SERVICE MAIL SORTERS, PROCESSORS, AND PROCESSING MACHINE OPERATORS",Some College
OFF,"OFF-PRODUCTION, PLANNING, AND EXPEDITING CLERKS",12586,361216,40617.4,"PRODUCTION, PLANNING, AND EXPEDITING CLERKS",Some College
OFF,"OFF-SHIPPING, RECEIVING, AND TRAFFIC CLERKS",26840,727074,24618.7,"SHIPPING, RECEIVING, AND TRAFFIC CLERKS",High School
OFF,OFF-STOCK CLERKS AND ORDER FILLERS,87207,2148794,16927.5,STOCK CLERKS AND ORDER FILLERS,High School
OFF,"OFF-WEIGHERS, MEASURERS, CHECKERS, AND SAMPLERS, RECORDKEEPING",4600,94925,29551.5,"WEIGHERS, MEASURERS, CHECKERS, AND SAMPLERS, RECORDKEEPING",Some College
OFF,OFF-SECRETARIES AND ADMINISTRATIVE ASSISTANTS,180804,4015398,27221.6,SECRETARIES AND ADMINISTRATIVE ASSISTANTS,Some College
OFF,OFF-COMPUTER OPERATORS,4232,111774,34477.2,COMPUTER OPERATORS,Some College
OFF,OFF-DATA ENTRY KEYERS,25762,448270,22140.5,DATA ENTRY KEYERS,Some College
OFF,OFF-WORD PROCESSORS AND TYPISTS,18666,386933,23093.6,WORD PROCESSORS AND TYPISTS,Some College
OFF,OFF-INSURANCE CLAIMS AND POLICY PROCESSING CLERKS,17675,439839,33324.4,INSURANCE CLAIMS AND POLICY PROCESSING CLERKS,Some College
OFF,"OFF-MAIL CLERKS AND MAIL MACHINE OPERATORS, EXCEPT POSTAL SERVICE",6347,106693,18788.1,"MAIL CLERKS AND MAIL MACHINE OPERATORS, EXCEPT POSTAL SERVICE",Some College
OFF,"OFF-OFFICE CLERKS, GENERAL",68338,1682694,23303.1,"OFFICE CLERKS, GENERAL",Some College
OFF,"OFF-OFFICE MACHINE OPERATORS, EXCEPT COMPUTER",1461,53233,19081.5,"OFFICE MACHINE OPERATORS, EXCEPT COMPUTER",Some College
OFF,OFF-PROOFREADERS AND COPY MARKERS,859,16417,17602.7,PROOFREADERS AND COPY MARKERS,Bachelor Degree
OFF,OFF-STATISTICAL ASSISTANTS,1054,23068,40587.4,STATISTICAL ASSISTANTS,Some College
OFF,"OFF-MISCELLANEOUS OFFICE AND ADMINISTRATIVE SUPPORT WORKERS, INCLUDING DESKTOP PUBLISHERS",31125,740398,32113,"MISCELLANEOUS OFFICE AND ADMINISTRATIVE SUPPORT WORKERS, INCLUDING DESKTOP PUBLISHERS",Some College
FFF,"FFF-FIRST-LINE SUPERVISORS OF FARMING, FISHING, AND FORESTRY WORKERS",2555,68364,33432.6,"FIRST-LINE SUPERVISORS OF FARMING, FISHING, AND FORESTRY WORKERS",High School
FFF,FFF-AGRICULTURAL INSPECTORS,1329,16918,35379.6,AGRICULTURAL INSPECTORS,Some College
FFF,"FFF-GRADERS AND SORTERS, AGRICULTURAL PRODUCTS",4430,81948,13854.6,"GRADERS AND SORTERS, AGRICULTURAL PRODUCTS",High School
FFF,"FFF-MISCELLANEOUS AGRICULTURAL WORKERS, INCLUDING ANIMAL BREEDERS",42191,1171866,15986.2,"MISCELLANEOUS AGRICULTURAL WORKERS, INCLUDING ANIMAL BREEDERS",High School
FFF,FFF-FISHING AND HUNTING WORKERS,2202,58712,14973.2,FISHING AND HUNTING WORKERS,High School
FFF,FFF-FOREST AND CONSERVATION WORKERS,1291,17041,23121.5,FOREST AND CONSERVATION WORKERS,High School
FFF,FFF-LOGGING WORKERS,3913,78915,19466.4,LOGGING WORKERS,High School
CON,CON-FIRST-LINE SUPERVISORS OF CONSTRUCTION TRADES AND EXTRACTION WORKERS,36591,856859,52783.6,FIRST-LINE SUPERVISORS OF CONSTRUCTION TRADES AND EXTRACTION WORKERS,High School
CON,CON-BOILERMAKERS,1057,20984,49115.2,BOILERMAKERS,High School
CON,"CON-BRICKMASONS, BLOCKMASONS, STONEMASONS, AND",6239,179100,25219.3,"BRICKMASONS, BLOCKMASONS, STONEMASONS, AND",High School
CON,CON-CARPENTERS,56608,1488721,23455.5,CARPENTERS,High School
CON,"CON-CARPET, FLOOR, AND TILE INSTALLERS AND FINISHERS",5672,180676,21777,"CARPET, FLOOR, AND TILE INSTALLERS AND FINISHERS",High School
CON,"CON-CEMENT MASONS, CONCRETE FINISHERS, AND TERRAZZO WORKERS",2082,71421,28091.5,"CEMENT MASONS, CONCRETE FINISHERS, AND TERRAZZO WORKERS",High School
CON,CON-CONSTRUCTION LABORERS,74561,2309171,22102.1,CONSTRUCTION LABORERS,High School
CON,"CON-PAVING, SURFACING, AND TAMPING EQUIPMENT OPERATORS",1387,17641,24538.7,"PAVING, SURFACING, AND TAMPING EQUIPMENT OPERATORS",High School
CON,"CON-CONSTRUCTION EQUIPMENT OPERATORS, EXCEPT PAVING, SURFACING, AND TAMPING EQUIPMENT OPERATORS",19585,408558,39825.9,"CONSTRUCTION EQUIPMENT OPERATORS, EXCEPT PAVING, SURFACING, AND TAMPING EQUIPMENT OPERATORS",High School
CON,"CON-DRYWALL INSTALLERS, CEILING TILE INSTALLERS, AND TAPERS",7040,183663,22099,"DRYWALL INSTALLERS, CEILING TILE INSTALLERS, AND TAPERS",High School
CON,CON-ELECTRICIANS,27779,904318,43006.7,ELECTRICIANS,Some College
CON,CON-GLAZIERS,1982,45164,31638.5,GLAZIERS,High School
CON,CON-INSULATION WORKERS,1348,49140,32156.9,INSULATION WORKERS,High School
CON,CON-PAINTERS AND PAPERHANGERS,27661,736013,18256.5,PAINTERS AND PAPERHANGERS,High School
CON,"CON-PIPELAYERS, PLUMBERS, PIPEFITTERS, AND STEAMFITTERS",20339,627959,38238.9,"PIPELAYERS, PLUMBERS, PIPEFITTERS, AND STEAMFITTERS",High School
CON,CON-PLASTERERS AND STUCCO MASONS,1387,39589,24722,PLASTERERS AND STUCCO MASONS,High School
CON,CON-ROOFERS,10676,278265,20689.5,ROOFERS,High School
CON,CON-SHEET METAL WORKERS,4438,150986,35125.5,SHEET METAL WORKERS,High School
CON,CON-STRUCTURAL IRON AND STEEL WORKERS,2792,70458,39076.9,STRUCTURAL IRON AND STEEL WORKERS,High School
CON,"CON-HELPERS, CONSTRUCTION TRADES",2270,63171,19973.5,"HELPERS, CONSTRUCTION TRADES",High School
CON,CON-CONSTRUCTION AND BUILDING INSPECTORS,6242,104370,41088.6,CONSTRUCTION AND BUILDING INSPECTORS,Some College
CON,CON-ELEVATOR INSTALLERS AND REPAIRERS,799,26114,69744.8,ELEVATOR INSTALLERS AND REPAIRERS,High School
CON,CON-FENCE ERECTORS,1490,37485,18108.4,FENCE ERECTORS,High School
CON,CON-HAZARDOUS MATERIALS REMOVAL WORKERS,2726,38007,34216.1,HAZARDOUS MATERIALS REMOVAL WORKERS,High School
CON,CON-HIGHWAY MAINTENANCE WORKERS,6210,130143,33094.3,HIGHWAY MAINTENANCE WORKERS,High School
CON,CON-RAIL-TRACK LAYING AND MAINTENANCE EQUIPMENT OPERATORS,630,17551,47405,RAIL-TRACK LAYING AND MAINTENANCE EQUIPMENT OPERATORS,High School
CON,"CON-MISCELLANEOUS CONSTRUCTION WORKERS, INCLUDING SOLAR PHOTOVOLTAIC INSTALLERS, SEPTIC TANK SERVICERS AND SEWER PIPE CLEANERS",3263,91389,25986.7,"MISCELLANEOUS CONSTRUCTION WORKERS, INCLUDING SOLAR PHOTOVOLTAIC INSTALLERS, SEPTIC TANK SERVICERS AND SEWER PIPE CLEANERS",High School
EXT,"EXT-DERRICK, ROTARY DRILL, AND SERVICE UNIT OPERATORS, AND ROUSTABOUTS, OIL, GAS, AND MINING",1820,53893,65950.1,"DERRICK, ROTARY DRILL, AND SERVICE UNIT OPERATORS, AND ROUSTABOUTS, OIL, GAS, AND MINING",High School
EXT,"EXT-EARTH DRILLERS, EXCEPT OIL AND GAS",2149,30367,49046.8,"EARTH DRILLERS, EXCEPT OIL AND GAS",High School
EXT,"EXT-EXPLOSIVES WORKERS, ORDNANCE HANDLING EXPERTS, AND BLASTERS",267,20292,38461.5,"EXPLOSIVES WORKERS, ORDNANCE HANDLING EXPERTS, AND BLASTERS",Some College
EXT,EXT-MINING MACHINE OPERATORS,4480,72770,57130.6,MINING MACHINE OPERATORS,High School
EXT,"EXT-MISCELLANEOUS EXTRACTION WORKERS, INCLUDING ROOF BOLTERS AND HELPERS",3292,91171,49227.5,"MISCELLANEOUS EXTRACTION WORKERS, INCLUDING ROOF BOLTERS AND HELPERS",High School
RPR,"RPR-FIRST-LINE SUPERVISORS OF MECHANICS, INSTALLERS, AND REPAIRERS",14204,312349,52409.2,"FIRST-LINE SUPERVISORS OF MECHANICS, INSTALLERS, AND REPAIRERS",Some College
RPR,"RPR-COMPUTER, AUTOMATED TELLER, AND OFFICE MACHINE REPAIRERS",8573,240588,34194.2,"COMPUTER, AUTOMATED TELLER, AND OFFICE MACHINE REPAIRERS",Some College
RPR,RPR-RADIO AND TELECOMMUNICATIONS EQUIPMENT INSTALLERS AND REPAIRERS,6016,194563,42470.2,RADIO AND TELECOMMUNICATIONS EQUIPMENT INSTALLERS AND REPAIRERS,Some College
RPR,RPR-AVIONICS TECHNICIANS,1733,28321,39269.7,AVIONICS TECHNICIANS,Some College
RPR,"RPR-ELECTRIC MOTOR, POWER TOOL, AND RELATED REPAIRERS",832,27872,39027.9,"ELECTRIC MOTOR, POWER TOOL, AND RELATED REPAIRERS",High School
RPR,"RPR-ELECTRICAL AND ELECTRONICS REPAIRERS, TRANSPORTATION EQUIPMENT, AND INDUSTRIAL AND UTILITY",909,23019,44561.7,"ELECTRICAL AND ELECTRONICS REPAIRERS, TRANSPORTATION EQUIPMENT, AND INDUSTRIAL AND UTILITY",Some College
RPR,"RPR-ELECTRONIC EQUIPMENT INSTALLERS AND REPAIRERS, MOTOR VEHICLES",853,12567,44532.7,"ELECTRONIC EQUIPMENT INSTALLERS AND REPAIRERS, MOTOR VEHICLES",Some College
RPR,RPR-ELECTRONIC HOME ENTERTAINMENT EQUIPMENT INSTALLERS AND REPAIRERS,1464,47846,32792.7,ELECTRONIC HOME ENTERTAINMENT EQUIPMENT INSTALLERS AND REPAIRERS,Some College
RPR,RPR-SECURITY AND FIRE ALARM SYSTEMS INSTALLERS,1930,64034,38021.2,SECURITY AND FIRE ALARM SYSTEMS INSTALLERS,Some College
RPR,RPR-AIRCRAFT MECHANICS AND SERVICE TECHNICIANS,8994,212950,47259.3,AIRCRAFT MECHANICS AND SERVICE TECHNICIANS,Some College
RPR,RPR-AUTOMOTIVE BODY AND RELATED REPAIRERS,6342,165283,31754.5,AUTOMOTIVE BODY AND RELATED REPAIRERS,High School
RPR,RPR-AUTOMOTIVE GLASS INSTALLERS AND REPAIRERS,953,20542,26608.1,AUTOMOTIVE GLASS INSTALLERS AND REPAIRERS,High School
RPR,RPR-AUTOMOTIVE SERVICE TECHNICIANS AND MECHANICS,33369,956655,29366.4,AUTOMOTIVE SERVICE TECHNICIANS AND MECHANICS,High School
RPR,RPR-BUS AND TRUCK MECHANICS AND DIESEL ENGINE SPECIALISTS,14238,353707,37156.1,BUS AND TRUCK MECHANICS AND DIESEL ENGINE SPECIALISTS,High School
RPR,RPR-HEAVY VEHICLE AND MOBILE EQUIPMENT SERVICE TECHNICIANS AND MECHANICS,11336,231920,43494.3,HEAVY VEHICLE AND MOBILE EQUIPMENT SERVICE TECHNICIANS AND MECHANICS,High School
RPR,RPR-SMALL ENGINE MECHANICS,3662,59602,22230.2,SMALL ENGINE MECHANICS,High School
RPR,"RPR-MISCELLANEOUS VEHICLE AND MOBILE EQUIPMENT MECHANICS, INSTALLERS, AND REPAIRERS",3436,95563,23816.9,"MISCELLANEOUS VEHICLE AND MOBILE EQUIPMENT MECHANICS, INSTALLERS, AND REPAIRERS",High School
RPR,RPR-CONTROL AND VALVE INSTALLERS AND REPAIRERS,502,23597,49057.7,CONTROL AND VALVE INSTALLERS AND REPAIRERS,Some College
RPR,"RPR-HEATING, AIR CONDITIONING, AND REFRIGERATION MECHANICS AND INSTALLERS",14314,418060,36543,"HEATING, AIR CONDITIONING, AND REFRIGERATION MECHANICS AND INSTALLERS",High School
RPR,RPR-HOME APPLIANCE REPAIRERS,1994,43978,28299.4,HOME APPLIANCE REPAIRERS,High School
RPR,RPR-INDUSTRIAL AND REFRACTORY MACHINERY MECHANICS,18128,452279,43062.7,INDUSTRIAL AND REFRACTORY MACHINERY MECHANICS,High School
RPR,"RPR-MAINTENANCE AND REPAIR WORKERS, GENERAL",31383,576557,36030.3,"MAINTENANCE AND REPAIR WORKERS, GENERAL",High School
RPR,"RPR-MAINTENANCE WORKERS, MACHINERY",1798,38155,45266.1,"MAINTENANCE WORKERS, MACHINERY",High School
RPR,RPR-MILLWRIGHTS,2277,56994,48518.2,MILLWRIGHTS,High School
RPR,RPR-ELECTRICAL POWER-LINE INSTALLERS AND REPAIRERS,3766,129927,64071.5,ELECTRICAL POWER-LINE INSTALLERS AND REPAIRERS,Some College
RPR,RPR-TELECOMMUNICATIONS LINE INSTALLERS AND REPAIRERS,6014,175051,42699.2,TELECOMMUNICATIONS LINE INSTALLERS AND REPAIRERS,Some College
RPR,RPR-PRECISION INSTRUMENT AND EQUIPMENT REPAIRERS,3926,73125,38440.9,PRECISION INSTRUMENT AND EQUIPMENT REPAIRERS,Some College
RPR,"RPR-COIN, VENDING, AND AMUSEMENT MACHINE SERVICERS AND REPAIRERS",1814,39326,23934.4,"COIN, VENDING, AND AMUSEMENT MACHINE SERVICERS AND REPAIRERS",Some College
RPR,RPR-LOCKSMITHS AND SAFE REPAIRERS,1583,28211,29738.8,LOCKSMITHS AND SAFE REPAIRERS,High School
RPR,RPR-RIGGERS,334,12579,43722.1,RIGGERS,High School
RPR,"RPR-HELPERS--INSTALLATION, MAINTENANCE, AND REPAIR WORKERS",1106,29658,17992.8,"HELPERS--INSTALLATION, MAINTENANCE, AND REPAIR WORKERS",High School
RPR,"RPR-MISCELLANEOUS INSTALLATION, MAINTENANCE, AND REPAIR",13550,352205,31198.1,"MISCELLANEOUS INSTALLATION, MAINTENANCE, AND REPAIR",High School
RPR,PRD-FIRST-LINE SUPERVISORS OF PRODUCTION AND OPERATING WORKERS,39531,979702,51431.3,FIRST-LINE SUPERVISORS OF PRODUCTION AND OPERATING WORKERS,Some College
RPR,"PRD-AIRCRAFT STRUCTURE, SURFACES, RIGGING, AND SYSTEMS ASSEMBLERS",513,8382,36480.5,"AIRCRAFT STRUCTURE, SURFACES, RIGGING, AND SYSTEMS ASSEMBLERS",High School
RPR,"PRD-ELECTRICAL, ELECTRONICS, AND ELECTROMECHANICAL ASSEMBLERS",8806,159542,26666.8,"ELECTRICAL, ELECTRONICS, AND ELECTROMECHANICAL ASSEMBLERS",High School
RPR,PRD-ENGINE AND OTHER MACHINE ASSEMBLERS,582,14374,33761.9,ENGINE AND OTHER MACHINE ASSEMBLERS,High School
RPR,PRD-STRUCTURAL METAL FABRICATORS AND FITTERS,1343,35304,32864.3,STRUCTURAL METAL FABRICATORS AND FITTERS,High School
RPR,PRD-MISCELLANEOUS ASSEMBLERS AND FABRICATORS,59532,1278638,25544.9,MISCELLANEOUS ASSEMBLERS AND FABRICATORS,High School
RPR,PRD-BAKERS,11794,283608,17604.4,BAKERS,High School
PRD,"PRD-BUTCHERS AND OTHER MEAT, POULTRY, AND FISH PROCESSING WORKERS",11681,317150,23338.4,"BUTCHERS AND OTHER MEAT, POULTRY, AND FISH PROCESSING WORKERS",High School
PRD,"PRD-FOOD AND TOBACCO ROASTING, BAKING, AND DRYING MACHINE OPERATORS AND TENDERS",322,11134,25917.9,"FOOD AND TOBACCO ROASTING, BAKING, AND DRYING MACHINE OPERATORS AND TENDERS",High School
PRD,PRD-FOOD BATCHMAKERS,5865,112365,19183.4,FOOD BATCHMAKERS,High School
PRD,PRD-FOOD COOKING MACHINE OPERATORS AND TENDERS,907,11469,14819.7,FOOD COOKING MACHINE OPERATORS AND TENDERS,High School
PRD,"PRD-FOOD PROCESSING WORKERS, ALL OTHER",5762,153688,27235.6,"FOOD PROCESSING WORKERS, ALL OTHER",High School
PRD,PRD-COMPUTER CONTROL PROGRAMMERS AND OPERATORS,3603,103334,39628.5,COMPUTER CONTROL PROGRAMMERS AND OPERATORS,Some College
PRD,"PRD-EXTRUDING AND DRAWING MACHINE SETTERS, OPERATORS, AND TENDERS, METAL AND PLASTIC",778,15153,31353.9,"EXTRUDING AND DRAWING MACHINE SETTERS, OPERATORS, AND TENDERS, METAL AND PLASTIC",High School
PRD,"PRD-FORGING MACHINE SETTERS, OPERATORS, AND TENDERS, METAL AND PLASTIC",467,8783,35060.6,"FORGING MACHINE SETTERS, OPERATORS, AND TENDERS, METAL AND PLASTIC",High School
PRD,"PRD-ROLLING MACHINE SETTERS, OPERATORS, AND TENDERS, METAL AND PLASTIC",604,9128,40947,"ROLLING MACHINE SETTERS, OPERATORS, AND TENDERS, METAL AND PLASTIC",High School
PRD,"PRD-MACHINE TOOL CUTTING SETTERS, OPERATORS, AND TENDERS, METAL AND PLASTIC",7550,177470,27900.9,"MACHINE TOOL CUTTING SETTERS, OPERATORS, AND TENDERS, METAL AND PLASTIC",High School
PRD,PRD-MACHINISTS,14839,396949,39595.1,MACHINISTS,High School
PRD,"PRD-METAL FURNACE OPERATORS, TENDERS, POURERS, AND CASTERS",1700,24912,38318.2,"METAL FURNACE OPERATORS, TENDERS, POURERS, AND CASTERS",High School
PRD,"PRD-MODEL MAKERS, PATTERNMAKERS, AND MOLDING MACHINE SETTERS, METAL AND PLASTIC",3244,56128,31534.6,"MODEL MAKERS, PATTERNMAKERS, AND MOLDING MACHINE SETTERS, METAL AND PLASTIC",High School
PRD,PRD-TOOL AND DIE MAKERS,3699,65931,44120.7,TOOL AND DIE MAKERS,High School
PRD,"PRD-WELDING, SOLDERING, AND BRAZING WORKERS",28990,734552,34537,"WELDING, SOLDERING, AND BRAZING WORKERS",High School
PRD,"PRD-MISCELLANEOUS METAL WORKERS AND PLASTIC WORKERS, INCLUDING MULTIPLE MACHINE TOOL SETTERS",21293,499409,30137.3,"MISCELLANEOUS METAL WORKERS AND PLASTIC WORKERS, INCLUDING MULTIPLE MACHINE TOOL SETTERS",High School
PRD,PRD-PREPRESS TECHNICIANS AND WORKERS,1419,29814,25140.6,PREPRESS TECHNICIANS AND WORKERS,Some College
PRD,PRD-PRINTING PRESS OPERATORS,8349,212388,28513,PRINTING PRESS OPERATORS,High School
PRD,PRD-PRINT BINDING AND FINISHING WORKERS,1242,26592,23164.4,PRINT BINDING AND FINISHING WORKERS,High School
PRD,PRD-LAUNDRY AND DRY-CLEANING WORKERS,14764,239190,15551.4,LAUNDRY AND DRY-CLEANING WORKERS,High School
PRD,"PRD-PRESSERS, TEXTILE, GARMENT, AND RELATED MATERIALS",3505,57039,14146.9,"PRESSERS, TEXTILE, GARMENT, AND RELATED MATERIALS",High School
PRD,PRD-SEWING MACHINE OPERATORS,15528,241979,15843.5,SEWING MACHINE OPERATORS,High School
PRD,PRD-SHOE AND LEATHER WORKERS,826,15869,15256,SHOE AND LEATHER WORKERS,High School
PRD,"PRD-TAILORS, DRESSMAKERS, AND SEWERS",7359,90327,15136.1,"TAILORS, DRESSMAKERS, AND SEWERS",High School
PRD,"PRD-TEXTILE BLEACHING AND DYEING, AND CUTTING MACHINE SETTERS, OPERATORS, AND TENDERS",421,13392,20946.1,"TEXTILE BLEACHING AND DYEING, AND CUTTING MACHINE SETTERS, OPERATORS, AND TENDERS",High School
PRD,"PRD-TEXTILE KNITTING AND WEAVING MACHINE SETTERS, OPERATORS, AND TENDERS",1293,9643,19473.7,"TEXTILE KNITTING AND WEAVING MACHINE SETTERS, OPERATORS, AND TENDERS",High School
PRD,"PRD-TEXTILE WINDING, TWISTING, AND DRAWING OUT MACHINE SETTERS, OPERATORS, AND TENDERS",1398,14835,19542.9,"TEXTILE WINDING, TWISTING, AND DRAWING OUT MACHINE SETTERS, OPERATORS, AND TENDERS",High School
PRD,PRD-UPHOLSTERERS,2150,38653,19277,UPHOLSTERERS,High School
PRD,"PRD-MISCELLANEOUS TEXTILE, APPAREL, AND FURNISHINGS WORKERS, EXCEPT UPHOLSTERERS",781,22693,23874.2,"MISCELLANEOUS TEXTILE, APPAREL, AND FURNISHINGS WORKERS, EXCEPT UPHOLSTERERS",High School
PRD,PRD-CABINETMAKERS AND BENCH CARPENTERS,2913,57238,21784.4,CABINETMAKERS AND BENCH CARPENTERS,High School
PRD,PRD-FURNITURE FINISHERS,674,17656,18171.7,FURNITURE FINISHERS,High School
PRD,"PRD-SAWING MACHINE SETTERS, OPERATORS, AND TENDERS, WOOD",1896,42535,20248.2,"SAWING MACHINE SETTERS, OPERATORS, AND TENDERS, WOOD",High School
PRD,"PRD-WOODWORKING MACHINE SETTERS, OPERATORS, AND TENDERS, EXCEPT SAWING",832,19646,19380.3,"WOODWORKING MACHINE SETTERS, OPERATORS, AND TENDERS, EXCEPT SAWING",High School
PRD,"PRD-MISCELLANEOUS WOODWORKERS, INCLUDING MODEL MAKERS AND PATTERNMAKERS",1217,40027,20726.2,"MISCELLANEOUS WOODWORKERS, INCLUDING MODEL MAKERS AND PATTERNMAKERS",High School
PRD,"PRD-POWER PLANT OPERATORS, DISTRIBUTORS, AND DISPATCHERS",1360,54625,78251.6,"POWER PLANT OPERATORS, DISTRIBUTORS, AND DISPATCHERS",Some College
PRD,PRD-STATIONARY ENGINEERS AND BOILER OPERATORS,4394,110438,51553.3,STATIONARY ENGINEERS AND BOILER OPERATORS,Some College
PRD,PRD-WATER AND WASTEWATER TREATMENT PLANT AND SYSTEM OPERATORS,3633,93633,44531.3,WATER AND WASTEWATER TREATMENT PLANT AND SYSTEM OPERATORS,Some College
PRD,PRD-MISCELLANEOUS PLANT AND SYSTEM OPERATORS,2057,51716,56570.7,MISCELLANEOUS PLANT AND SYSTEM OPERATORS,Some College
PRD,"PRD-CHEMICAL PROCESSING MACHINE SETTERS, OPERATORS, AND TENDERS",1983,61482,44423.5,"CHEMICAL PROCESSING MACHINE SETTERS, OPERATORS, AND TENDERS",Some College
PRD,"PRD-CRUSHING, GRINDING, POLISHING, MIXING, AND BLENDING WORKERS",4183,104496,33804.3,"CRUSHING, GRINDING, POLISHING, MIXING, AND BLENDING WORKERS",High School
PRD,PRD-CUTTING WORKERS,6809,85190,21464.1,CUTTING WORKERS,High School
PRD,"PRD-EXTRUDING, FORMING, PRESSING, AND COMPACTING MACHINE SETTERS, OPERATORS, AND TENDERS",1554,30713,30098.4,"EXTRUDING, FORMING, PRESSING, AND COMPACTING MACHINE SETTERS, OPERATORS, AND TENDERS",High School
PRD,"PRD-FURNACE, KILN, OVEN, DRIER, AND KETTLE OPERATORS AND TENDERS",364,16382,32291.8,"FURNACE, KILN, OVEN, DRIER, AND KETTLE OPERATORS AND TENDERS",High School
PRD,"PRD-INSPECTORS, TESTERS, SORTERS, SAMPLERS, AND WEIGHERS",49565,949602,34500.9,"INSPECTORS, TESTERS, SORTERS, SAMPLERS, AND WEIGHERS",Some College
PRD,PRD-JEWELERS AND PRECIOUS STONE AND METAL WORKERS,2539,51097,23325.4,JEWELERS AND PRECIOUS STONE AND METAL WORKERS,Some College
PRD,"PRD-MEDICAL, DENTAL, AND OPHTHALMIC LABORATORY TECHNICIANS",3715,102005,28805.5,"MEDICAL, DENTAL, AND OPHTHALMIC LABORATORY TECHNICIANS",Some College
PRD,PRD-PACKAGING AND FILLING MACHINE OPERATORS AND TENDERS,14987,338509,19924.4,PACKAGING AND FILLING MACHINE OPERATORS AND TENDERS,High School
PRD,PRD-PAINTING WORKERS,6403,178014,29455.3,PAINTING WORKERS,High School
PRD,PRD-PHOTOGRAPHIC PROCESS WORKERS AND PROCESSING MACHINE OPERATORS,1919,35782,26782.8,PHOTOGRAPHIC PROCESS WORKERS AND PROCESSING MACHINE OPERATORS,Some College
PRD,PRD-ADHESIVE BONDING MACHINE OPERATORS AND TENDERS,559,10213,24233,ADHESIVE BONDING MACHINE OPERATORS AND TENDERS,High School
PRD,PRD-ETCHERS AND ENGRAVERS,923,11804,21913.7,ETCHERS AND ENGRAVERS,Some College
PRD,"PRD-MOLDERS, SHAPERS, AND CASTERS, EXCEPT METAL AND PLASTIC",485,37205,27755.7,"MOLDERS, SHAPERS, AND CASTERS, EXCEPT METAL AND PLASTIC",High School
PRD,"PRD-PAPER GOODS MACHINE SETTERS, OPERATORS, AND TENDERS",1475,28251,28850,"PAPER GOODS MACHINE SETTERS, OPERATORS, AND TENDERS",High School
PRD,PRD-TIRE BUILDERS,63,16824,38975.5,TIRE BUILDERS,High School
PRD,PRD-HELPERS-PRODUCTION WORKERS,1692,69428,17984.8,HELPERS-PRODUCTION WORKERS,High School
PRD,"PRD-MISCELLANEOUS PRODUCTION WORKERS, INCLUDING SEMICONDUCTOR PROCESSORS",77356,1543058,28542.5,"MISCELLANEOUS PRODUCTION WORKERS, INCLUDING SEMICONDUCTOR PROCESSORS",High School
TRN,TRN-SUPERVISORS OF TRANSPORTATION AND MATERIAL MOVING WORKERS,7755,246004,44806.9,SUPERVISORS OF TRANSPORTATION AND MATERIAL MOVING WORKERS,Some College
TRN,TRN-AIRCRAFT PILOTS AND FLIGHT ENGINEERS,1941,164554,107038.6,AIRCRAFT PILOTS AND FLIGHT ENGINEERS,Bachelor Degree
TRN,TRN-AIR TRAFFIC CONTROLLERS AND AIRFIELD OPERATIONS SPECIALISTS,681,50498,74452.2,AIR TRAFFIC CONTROLLERS AND AIRFIELD OPERATIONS SPECIALISTS,Some College
TRN,TRN-FLIGHT ATTENDANTS,2336,113919,38985.8,FLIGHT ATTENDANTS,Some College
TRN,"TRN-AMBULANCE DRIVERS AND ATTENDANTS, EXCEPT EMERGENCY MEDICAL TECHNICIANS",1034,15880,21931.6,"AMBULANCE DRIVERS AND ATTENDANTS, EXCEPT EMERGENCY MEDICAL TECHNICIANS",Some College
TRN,TRN-BUS DRIVERS,56601,715465,22476.6,BUS DRIVERS,Some College
TRN,TRN-DRIVER/SALES WORKERS AND TRUCK DRIVERS,214522,4042669,31838,DRIVER/SALES WORKERS AND TRUCK DRIVERS,High School
TRN,TRN-TAXI DRIVERS AND CHAUFFEURS,31979,494208,17466.1,TAXI DRIVERS AND CHAUFFEURS,Some College
TRN,"TRN-MOTOR VEHICLE OPERATORS, ALL OTHER",7445,70387,11969.2,"MOTOR VEHICLE OPERATORS, ALL OTHER",Some College
TRN,TRN-LOCOMOTIVE ENGINEERS AND OPERATORS,1715,49529,70658.7,LOCOMOTIVE ENGINEERS AND OPERATORS,Some College
TRN,TRN-RAILROAD CONDUCTORS AND YARDMASTERS,1697,64412,55472.1,RAILROAD CONDUCTORS AND YARDMASTERS,Some College
TRN,"TRN-SUBWAY, STREETCAR, AND OTHER RAIL TRANSPORTATION WORKERS",1586,23001,44642.2,"SUBWAY, STREETCAR, AND OTHER RAIL TRANSPORTATION WORKERS",Some College
TRN,"TRN-SAILORS AND MARINE OILERS, AND SHIP ENGINEERS",1030,43675,42117.6,"SAILORS AND MARINE OILERS, AND SHIP ENGINEERS",Some College
TRN,TRN-SHIP AND BOAT CAPTAINS AND OPERATORS,1587,58442,59330.2,SHIP AND BOAT CAPTAINS AND OPERATORS,Some College
TRN,TRN-PARKING LOT ATTENDANTS,3051,108582,16359.6,PARKING LOT ATTENDANTS,High School
TRN,TRN-AUTOMOTIVE AND WATERCRAFT SERVICE ATTENDANTS,5663,121797,15233.8,AUTOMOTIVE AND WATERCRAFT SERVICE ATTENDANTS,High School
TRN,TRN-TRANSPORTATION INSPECTORS,2726,51811,47222.3,TRANSPORTATION INSPECTORS,Some College
TRN,"TRN-TRANSPORTATION ATTENDANTS, EXCEPT FLIGHT ATTENDANTS",3528,40764,19798.1,"TRANSPORTATION ATTENDANTS, EXCEPT FLIGHT ATTENDANTS",High School
TRN,"TRN-MISCELLANEOUS TRANSPORTATION WORKERS, INCLUDING BRIDGE AND LOCK TENDERS AND TRAFFIC TECHNICIANS",1487,36433,36233.3,"MISCELLANEOUS TRANSPORTATION WORKERS, INCLUDING BRIDGE AND LOCK TENDERS AND TRAFFIC TECHNICIANS",Some College
TRN,TRN-CRANE AND TOWER OPERATORS,2403,67467,54529.5,CRANE AND TOWER OPERATORS,High School
TRN,"TRN-DREDGE, EXCAVATING, AND LOADING MACHINE OPERATORS",1775,41928,29435.3,"DREDGE, EXCAVATING, AND LOADING MACHINE OPERATORS",High School
TRN,"TRN-CONVEYOR OPERATORS AND TENDERS, AND HOIST AND WINCH OPERATORS",236,17128,36807.8,"CONVEYOR OPERATORS AND TENDERS, AND HOIST AND WINCH OPERATORS",High School
TRN,TRN-INDUSTRIAL TRUCK AND TRACTOR OPERATORS,25802,680509,27009.2,INDUSTRIAL TRUCK AND TRACTOR OPERATORS,High School
TRN,TRN-CLEANERS OF VEHICLES AND EQUIPMENT,19158,482372,15399.6,CLEANERS OF VEHICLES AND EQUIPMENT,High School
TRN,"TRN-LABORERS AND FREIGHT, STOCK, AND MATERIAL MOVERS, HAND",105244,2969274,19586.6,"LABORERS AND FREIGHT, STOCK, AND MATERIAL MOVERS, HAND",High School
TRN,TRN-MACHINE FEEDERS AND OFFBEARERS,2659,36608,17685.7,MACHINE FEEDERS AND OFFBEARERS,High School
TRN,"TRN-PACKERS AND PACKAGERS, HAND",33063,667545,15303.1,"PACKERS AND PACKAGERS, HAND",High School
TRN,TRN-PUMPING STATION OPERATORS,1554,32191,46409.8,PUMPING STATION OPERATORS,High School
TRN,TRN-REFUSE AND RECYCLABLE MATERIAL COLLECTORS,7401,127693,20268.5,REFUSE AND RECYCLABLE MATERIAL COLLECTORS,High School
TRN,"TRN-MISCELLANEOUS MATERIAL MOVING WORKERS, INCLUDING MINE SHUTTLE CAR OPERATORS, AND TANK CAR, TRUCK, AND SHIP LOADERS",3586,71024,30598.8,"MISCELLANEOUS MATERIAL MOVING WORKERS, INCLUDING MINE SHUTTLE CAR OPERATORS, AND TANK CAR, TRUCK, AND SHIP LOADERS",High School
MIL,MIL-MILITARY OFFICER SPECIAL AND TACTICAL OPERATIONS LEADERS,962,48132,58631.2,MILITARY OFFICER SPECIAL AND TACTICAL OPERATIONS LEADERS,Bachelor Degree
MIL,MIL-FIRST-LINE ENLISTED MILITARY SUPERVISORS,5332,105686,51594.2,FIRST-LINE ENLISTED MILITARY SUPERVISORS,Some College
MIL,MIL-MILITARY ENLISTED TACTICAL OPERATIONS AND AIR/WEAPONS SPECIALISTS AND CREW MEMBERS,2314,169205,24305.7,MILITARY ENLISTED TACTICAL OPERATIONS AND AIR/WEAPONS SPECIALISTS AND CREW MEMBERS,Some College
MIL,"MIL-MILITARY, RANK NOT SPECIFIED **",6419,268558,40756.4,"MILITARY, RANK NOT SPECIFIED **",Some College
NA,UNEMPLOYED AND LAST WORKED 5 YEARS AGO OR EARLIER OR NEVER WORKED **,108854,2025020,0,UNEMPLOYED AND LAST WORKED 5 YEARS AGO OR EARLIER OR NEVER WORKED **,High School